fold,accuracy,f1_score,auc
1,0.3176110260336907,0.0,
2,0.45054945054945056,0.24496644295302014,0.9269680987908413
3,0.5122249388753056,0.3813953488372093,0.9181826383384564
4,0.5277777777777778,0.41379310344827586,0.9550800120772946
5,0.41005291005291006,0.14885496183206107,0.9194217995169082
