fold,accuracy,f1_score,sensitivity,specificity,auc
1,0.35283307810107195,0.0,0.0,0.35283307810107195,
2,0.910757946210269,0.9309366130558183,0.9479768786127167,0.8461538461538461,0.9689781609862032
3,0.8690476190476191,0.8986693961105425,0.9145833333333333,0.7898550724637681,0.945667270531401
4,0.8994708994708994,0.921161825726141,0.925,0.855072463768116,0.9683046497584541
5,0.7539779681762546,0.771850170261067,0.6563706563706564,0.9230769230769231,0.8873271264575612
