Fold,Precision,Recall,F1-Score,AUC
4,0.8883610451306413,0.9373433583959899,0.9121951219512195,0.9420725727361883
