fold,accuracy,auc,f1,sensitivity,specificity
1,0.6873015873015873,0.8449728260869566,0.691624183704953,0.595,0.8478260869565217
2,0.6550079491255962,0.871940721368639,0.6555834808881923,0.5213032581453634,0.8869565217391304
3,0.658008658008658,0.8252874595759971,0.6603890966096576,0.5409090909090909,0.8616600790513834
4,0.6507936507936508,0.8114130434782608,0.6501812612313413,0.5075,0.9
5,0.4311064718162839,0.6661002304147465,0.5186718660035616,0.9111111111111111,0.3813364055299539
