fold,accuracy,auc,f1,sensitivity,specificity
1,0.351301684532925,,0.5199456029011786,0.0,0.351301684532925
2,0.6886446886446886,0.8642172626704399,0.6908412282749219,0.5653846153846154,0.903010033444816
3,0.656479217603912,0.8195590955078262,0.6578610959446491,0.5298651252408478,0.8762541806020067
4,0.7023809523809523,0.8486941425120773,0.7059977045039019,0.5979166666666667,0.8840579710144928
5,0.6746031746031746,0.844855827294686,0.678054353054353,0.56875,0.8586956521739131
